{
  "nodes": {
    "generate-subtitle#1": {
      "contentWidth": 450,
      "rfNode": {
        "position": {
          "x": -28.179404506273784,
          "y": -74.85984745641564
        }
      }
    }
  }
}