{
  "nodes": {
    "+python#1": {
      "contentWidth": 899.1453788603712,
      "rfNode": {
        "position": {
          "x": -65.54281081565603,
          "y": -12.74443543637756
        }
      },
      "sections": {
        "scriptlet": {
          "manualHeight": 454.44168484838383
        }
      }
    }
  }
}